{"cameraMode":{"drawMode":0,"name":"Shaded","section":"Shading Mode"},"sceneLighting":true,"audioPlay":false,"sceneViewState":{"showFog":false,"showMaterialUpdate":false,"showSkybox":false,"showFlares":false,"showImageEffects":false,"showParticleSystems":true},"in2DMode":false,"pivot":{"x":-11.99951171875,"y":13.5556640625,"z":39.380859375},"rotation":{"x":0.013597591780126095,"y":0.9859982132911682,"z":-0.10241688042879105,"w":0.1309128999710083},"size":20.299760818481447,"orthographic":true}