{"cameraMode":{"drawMode":0,"name":"Shaded","section":"Shading Mode"},"sceneLighting":false,"audioPlay":false,"sceneViewState":{"showFog":true,"showMaterialUpdate":true,"showSkybox":false,"showFlares":true,"showImageEffects":true,"showParticleSystems":true},"in2DMode":false,"pivot":{"x":0.1399223804473877,"y":0.8688425421714783,"z":-0.6371543407440186},"rotation":{"x":-0.008900292217731476,"y":0.9899491667747498,"z":-0.12087426334619522,"w":-0.07289259135723114},"size":1.5814950466156006,"orthographic":true}