{"cameraMode":{"drawMode":0,"name":"Shaded","section":"Shading Mode"},"sceneLighting":true,"audioPlay":false,"sceneViewState":{"showFog":true,"showMaterialUpdate":true,"showSkybox":true,"showFlares":true,"showImageEffects":true,"showParticleSystems":true},"in2DMode":false,"pivot":{"x":-23.389684677124025,"y":16.049165725708009,"z":2.684293746948242},"rotation":{"x":0.2231535017490387,"y":0.6535211801528931,"z":-0.21078364551067353,"w":0.6918753385543823},"size":1.2887818813323975,"orthographic":true}