{"cameraMode":{"drawMode":0,"name":"Shaded","section":"Shading Mode"},"sceneLighting":true,"audioPlay":false,"sceneViewState":{"showFog":true,"showMaterialUpdate":true,"showSkybox":true,"showFlares":true,"showImageEffects":true,"showParticleSystems":true},"in2DMode":false,"pivot":{"x":-21.625150680541993,"y":14.300514221191407,"z":2.5337514877319338},"rotation":{"x":-0.04255437105894089,"y":0.8416560888290405,"z":-0.06705280393362045,"w":-0.5341466665267944},"size":1.4970241785049439,"orthographic":true}