{"cameraMode":{"drawMode":0,"name":"Shaded","section":"Shading Mode"},"sceneLighting":false,"audioPlay":false,"sceneViewState":{"showFog":true,"showMaterialUpdate":true,"showSkybox":false,"showFlares":true,"showImageEffects":true,"showParticleSystems":true},"in2DMode":false,"pivot":{"x":14.093700408935547,"y":4.810860633850098,"z":-1.3026809692382813},"rotation":{"x":0.17534935474395753,"y":-0.6511713266372681,"z":0.15831774473190309,"w":0.7212244868278503},"size":26.821393966674806,"orthographic":true}