{"cameraMode":{"drawMode":0,"name":"Shaded","section":"Shading Mode"},"sceneLighting":true,"audioPlay":false,"sceneViewState":{"showFog":true,"showMaterialUpdate":true,"showSkybox":true,"showFlares":true,"showImageEffects":true,"showParticleSystems":true},"in2DMode":false,"pivot":{"x":90.18624877929688,"y":47.5682258605957,"z":14.783798217773438},"rotation":{"x":0.035985395312309268,"y":-0.019486231729388238,"z":0.0007018660544417799,"w":0.999161958694458},"size":216.90438842773438,"orthographic":false}